types,uri,vmmParameterIds,notations,prefLabel,inScheme,topConceptOf
http://www.w3.org/2004/02/skos/core#Concept,https://data.omgeving.vlaanderen.be/id/concept/fysico-chemisch/alpha,446,Alpha,"Radioactiviteit, alpha",https://data.omgeving.vlaanderen.be/id/conceptscheme/fysico-chemisch,https://data.omgeving.vlaanderen.be/id/conceptscheme/fysico-chemisch
http://www.w3.org/2004/02/skos/core#Concept,https://data.omgeving.vlaanderen.be/id/concept/fysico-chemisch/bem_gem,1860,Bem gem,Gemiddelde vd wegingen bemonsterde filter,https://data.omgeving.vlaanderen.be/id/conceptscheme/fysico-chemisch,https://data.omgeving.vlaanderen.be/id/conceptscheme/fysico-chemisch
http://www.w3.org/2004/02/skos/core#Concept,https://data.omgeving.vlaanderen.be/id/concept/fysico-chemisch/bem_verschil,1858,Bem verschil,Verschil tss wegingen bemonsterde filter,https://data.omgeving.vlaanderen.be/id/conceptscheme/fysico-chemisch,https://data.omgeving.vlaanderen.be/id/conceptscheme/fysico-chemisch
http://www.w3.org/2004/02/skos/core#Concept,https://data.omgeving.vlaanderen.be/id/concept/fysico-chemisch/beta,448,Beta,"Radioactiviteit, beta",https://data.omgeving.vlaanderen.be/id/conceptscheme/fysico-chemisch,https://data.omgeving.vlaanderen.be/id/conceptscheme/fysico-chemisch
http://www.w3.org/2004/02/skos/core#Concept,https://data.omgeving.vlaanderen.be/id/concept/fysico-chemisch/biodegr,1541,BioDegr,Biodegradeerbaarheid,https://data.omgeving.vlaanderen.be/id/conceptscheme/fysico-chemisch,https://data.omgeving.vlaanderen.be/id/conceptscheme/fysico-chemisch
http://www.w3.org/2004/02/skos/core#Concept,https://data.omgeving.vlaanderen.be/id/concept/fysico-chemisch/breedte,1289,Breedte,Breedte,https://data.omgeving.vlaanderen.be/id/conceptscheme/fysico-chemisch,https://data.omgeving.vlaanderen.be/id/conceptscheme/fysico-chemisch
http://www.w3.org/2004/02/skos/core#Concept,https://data.omgeving.vlaanderen.be/id/concept/fysico-chemisch/bzv/n,1703,BZV/N,BZV/N-verhouding,https://data.omgeving.vlaanderen.be/id/conceptscheme/fysico-chemisch,https://data.omgeving.vlaanderen.be/id/conceptscheme/fysico-chemisch
http://www.w3.org/2004/02/skos/core#Concept,https://data.omgeving.vlaanderen.be/id/concept/fysico-chemisch/bzv/p,1704,BZV/P,BZV/P-verhouding,https://data.omgeving.vlaanderen.be/id/conceptscheme/fysico-chemisch,https://data.omgeving.vlaanderen.be/id/conceptscheme/fysico-chemisch
http://www.w3.org/2004/02/skos/core#Concept,https://data.omgeving.vlaanderen.be/id/concept/fysico-chemisch/bzv5,287,BZV5,Biochemisch zuurstofverbruik na 5d.,https://data.omgeving.vlaanderen.be/id/conceptscheme/fysico-chemisch,https://data.omgeving.vlaanderen.be/id/conceptscheme/fysico-chemisch
http://www.w3.org/2004/02/skos/core#Concept,https://data.omgeving.vlaanderen.be/id/concept/fysico-chemisch/bzv5_rendement,1669,BZV5 rendement,rendement BZV5 tov influentbelasting,https://data.omgeving.vlaanderen.be/id/conceptscheme/fysico-chemisch,https://data.omgeving.vlaanderen.be/id/conceptscheme/fysico-chemisch
http://www.w3.org/2004/02/skos/core#Concept,https://data.omgeving.vlaanderen.be/id/concept/fysico-chemisch/czv,288,CZV,Chemisch zuurstofverbruik,https://data.omgeving.vlaanderen.be/id/conceptscheme/fysico-chemisch,https://data.omgeving.vlaanderen.be/id/conceptscheme/fysico-chemisch
http://www.w3.org/2004/02/skos/core#Concept,https://data.omgeving.vlaanderen.be/id/concept/fysico-chemisch/czv_f,289,CZV f,"Chemisch zuurstofverbruik, gefiltreerd",https://data.omgeving.vlaanderen.be/id/conceptscheme/fysico-chemisch,https://data.omgeving.vlaanderen.be/id/conceptscheme/fysico-chemisch
http://www.w3.org/2004/02/skos/core#Concept,https://data.omgeving.vlaanderen.be/id/concept/fysico-chemisch/czv_rendement,1670,CZV rendement,rendement CZV tov influentbelasting,https://data.omgeving.vlaanderen.be/id/conceptscheme/fysico-chemisch,https://data.omgeving.vlaanderen.be/id/conceptscheme/fysico-chemisch
http://www.w3.org/2004/02/skos/core#Concept,https://data.omgeving.vlaanderen.be/id/concept/fysico-chemisch/czv/bzv,1702,CZV/BZV,CZV/BZV-verhoudingen,https://data.omgeving.vlaanderen.be/id/conceptscheme/fysico-chemisch,https://data.omgeving.vlaanderen.be/id/conceptscheme/fysico-chemisch
http://www.w3.org/2004/02/skos/core#Concept,https://data.omgeving.vlaanderen.be/id/concept/fysico-chemisch/czv/n,1713,CZV/N,CZV/N-verhouding,https://data.omgeving.vlaanderen.be/id/conceptscheme/fysico-chemisch,https://data.omgeving.vlaanderen.be/id/conceptscheme/fysico-chemisch
http://www.w3.org/2004/02/skos/core#Concept,https://data.omgeving.vlaanderen.be/id/concept/fysico-chemisch/d,77,d,Densiteit,https://data.omgeving.vlaanderen.be/id/conceptscheme/fysico-chemisch,https://data.omgeving.vlaanderen.be/id/conceptscheme/fysico-chemisch
http://www.w3.org/2004/02/skos/core#Concept,https://data.omgeving.vlaanderen.be/id/concept/fysico-chemisch/d13c,1326,d13C,Isotopenverhouding koolstof 13 en 12,https://data.omgeving.vlaanderen.be/id/conceptscheme/fysico-chemisch,https://data.omgeving.vlaanderen.be/id/conceptscheme/fysico-chemisch
http://www.w3.org/2004/02/skos/core#Concept,https://data.omgeving.vlaanderen.be/id/concept/fysico-chemisch/d15n,1327,d15N,Isotopenverhouding stikstof 15 en 14,https://data.omgeving.vlaanderen.be/id/conceptscheme/fysico-chemisch,https://data.omgeving.vlaanderen.be/id/conceptscheme/fysico-chemisch
http://www.w3.org/2004/02/skos/core#Concept,https://data.omgeving.vlaanderen.be/id/concept/fysico-chemisch/dagen,611,Dagen,Dagen,https://data.omgeving.vlaanderen.be/id/conceptscheme/fysico-chemisch,https://data.omgeving.vlaanderen.be/id/conceptscheme/fysico-chemisch
http://www.w3.org/2004/02/skos/core#Concept,https://data.omgeving.vlaanderen.be/id/concept/fysico-chemisch/dauwpunt,1292,Dauwpunt,Dauwpunt,https://data.omgeving.vlaanderen.be/id/conceptscheme/fysico-chemisch,https://data.omgeving.vlaanderen.be/id/conceptscheme/fysico-chemisch
http://www.w3.org/2004/02/skos/core#Concept,https://data.omgeving.vlaanderen.be/id/concept/fysico-chemisch/dd,1280,DD,Windrichting,https://data.omgeving.vlaanderen.be/id/conceptscheme/fysico-chemisch,https://data.omgeving.vlaanderen.be/id/conceptscheme/fysico-chemisch
http://www.w3.org/2004/02/skos/core#Concept,https://data.omgeving.vlaanderen.be/id/concept/fysico-chemisch/de_ab,1516,DE*ab,CIE 1976 totaal kleurverschil,https://data.omgeving.vlaanderen.be/id/conceptscheme/fysico-chemisch,https://data.omgeving.vlaanderen.be/id/conceptscheme/fysico-chemisch
http://www.w3.org/2004/02/skos/core#Concept,https://data.omgeving.vlaanderen.be/id/concept/fysico-chemisch/deelgewicht_1,1800,Deelgewicht 1,Gewicht fles 1 (neerslagwater),https://data.omgeving.vlaanderen.be/id/conceptscheme/fysico-chemisch,https://data.omgeving.vlaanderen.be/id/conceptscheme/fysico-chemisch
http://www.w3.org/2004/02/skos/core#Concept,https://data.omgeving.vlaanderen.be/id/concept/fysico-chemisch/deelgewicht_2,1801,Deelgewicht 2,Gewicht fles 2 (neerslagwater),https://data.omgeving.vlaanderen.be/id/conceptscheme/fysico-chemisch,https://data.omgeving.vlaanderen.be/id/conceptscheme/fysico-chemisch
http://www.w3.org/2004/02/skos/core#Concept,https://data.omgeving.vlaanderen.be/id/concept/fysico-chemisch/diepte,1290,Diepte,Bemonsteringsdiepte,https://data.omgeving.vlaanderen.be/id/conceptscheme/fysico-chemisch,https://data.omgeving.vlaanderen.be/id/conceptscheme/fysico-chemisch
http://www.w3.org/2004/02/skos/core#Concept,https://data.omgeving.vlaanderen.be/id/concept/fysico-chemisch/dikte,1291,Dikte,Dikte,https://data.omgeving.vlaanderen.be/id/conceptscheme/fysico-chemisch,https://data.omgeving.vlaanderen.be/id/conceptscheme/fysico-chemisch
http://www.w3.org/2004/02/skos/core#Concept,https://data.omgeving.vlaanderen.be/id/concept/fysico-chemisch/dil_f,453,dil.F,Dilutie factor,https://data.omgeving.vlaanderen.be/id/conceptscheme/fysico-chemisch,https://data.omgeving.vlaanderen.be/id/conceptscheme/fysico-chemisch
http://www.w3.org/2004/02/skos/core#Concept,https://data.omgeving.vlaanderen.be/id/concept/fysico-chemisch/dr,79,DR,Droogrest,https://data.omgeving.vlaanderen.be/id/conceptscheme/fysico-chemisch,https://data.omgeving.vlaanderen.be/id/conceptscheme/fysico-chemisch
http://www.w3.org/2004/02/skos/core#Concept,https://data.omgeving.vlaanderen.be/id/concept/fysico-chemisch/dr105,80,DR105,Droogresten (105°C),https://data.omgeving.vlaanderen.be/id/conceptscheme/fysico-chemisch,https://data.omgeving.vlaanderen.be/id/conceptscheme/fysico-chemisch
http://www.w3.org/2004/02/skos/core#Concept,https://data.omgeving.vlaanderen.be/id/concept/fysico-chemisch/dr180,81,DR180,Droogresten (180°C),https://data.omgeving.vlaanderen.be/id/conceptscheme/fysico-chemisch,https://data.omgeving.vlaanderen.be/id/conceptscheme/fysico-chemisch
http://www.w3.org/2004/02/skos/core#Concept,https://data.omgeving.vlaanderen.be/id/concept/fysico-chemisch/dy_mo,2005,Dy mo,"Dysprosium, multi opgelost",https://data.omgeving.vlaanderen.be/id/conceptscheme/fysico-chemisch,https://data.omgeving.vlaanderen.be/id/conceptscheme/fysico-chemisch
http://www.w3.org/2004/02/skos/core#Concept,https://data.omgeving.vlaanderen.be/id/concept/fysico-chemisch/dy_mt,1932,Dy mt,"Dysprosium, multi totaal",https://data.omgeving.vlaanderen.be/id/conceptscheme/fysico-chemisch,https://data.omgeving.vlaanderen.be/id/conceptscheme/fysico-chemisch
http://www.w3.org/2004/02/skos/core#Concept,https://data.omgeving.vlaanderen.be/id/concept/fysico-chemisch/ec,83,EC,Geleidbaarheid ter plaatse,https://data.omgeving.vlaanderen.be/id/conceptscheme/fysico-chemisch,https://data.omgeving.vlaanderen.be/id/conceptscheme/fysico-chemisch
http://www.w3.org/2004/02/skos/core#Concept,https://data.omgeving.vlaanderen.be/id/concept/fysico-chemisch/ec_20,82,EC 20,Geleidbaarheid (20°C),https://data.omgeving.vlaanderen.be/id/conceptscheme/fysico-chemisch,https://data.omgeving.vlaanderen.be/id/conceptscheme/fysico-chemisch
http://www.w3.org/2004/02/skos/core#Concept,https://data.omgeving.vlaanderen.be/id/concept/fysico-chemisch/ec_25,926,EC 25,Geleidbaarheid (25°C),https://data.omgeving.vlaanderen.be/id/conceptscheme/fysico-chemisch,https://data.omgeving.vlaanderen.be/id/conceptscheme/fysico-chemisch
http://www.w3.org/2004/02/skos/core#Concept,https://data.omgeving.vlaanderen.be/id/concept/fysico-chemisch/ec_25_na_zw,2117,EC 25 na ZW,Geleidbaarheid (25°C) na Zahn Wellens,https://data.omgeving.vlaanderen.be/id/conceptscheme/fysico-chemisch,https://data.omgeving.vlaanderen.be/id/conceptscheme/fysico-chemisch
http://www.w3.org/2004/02/skos/core#Concept,https://data.omgeving.vlaanderen.be/id/concept/fysico-chemisch/eh,102,Eh,Redox potentiaal,https://data.omgeving.vlaanderen.be/id/conceptscheme/fysico-chemisch,https://data.omgeving.vlaanderen.be/id/conceptscheme/fysico-chemisch
http://www.w3.org/2004/02/skos/core#Concept,https://data.omgeving.vlaanderen.be/id/concept/fysico-chemisch/ff,1282,FF,"Windsnelheid, vectorieel",https://data.omgeving.vlaanderen.be/id/conceptscheme/fysico-chemisch,https://data.omgeving.vlaanderen.be/id/conceptscheme/fysico-chemisch
http://www.w3.org/2004/02/skos/core#Concept,https://data.omgeving.vlaanderen.be/id/concept/fysico-chemisch/fol_h2o_vlucht,1683,Fol h2o_vlucht,met waterdamp vluchtige fenolen,https://data.omgeving.vlaanderen.be/id/conceptscheme/fysico-chemisch,https://data.omgeving.vlaanderen.be/id/conceptscheme/fysico-chemisch
http://www.w3.org/2004/02/skos/core#Concept,https://data.omgeving.vlaanderen.be/id/concept/fysico-chemisch/fpfv,1043,FPFV,Filterverzadiging,https://data.omgeving.vlaanderen.be/id/conceptscheme/fysico-chemisch,https://data.omgeving.vlaanderen.be/id/conceptscheme/fysico-chemisch
http://www.w3.org/2004/02/skos/core#Concept,https://data.omgeving.vlaanderen.be/id/concept/fysico-chemisch/gemiddeld,-101,Gemiddeld,Gemiddeld,https://data.omgeving.vlaanderen.be/id/conceptscheme/fysico-chemisch,https://data.omgeving.vlaanderen.be/id/conceptscheme/fysico-chemisch
http://www.w3.org/2004/02/skos/core#Concept,https://data.omgeving.vlaanderen.be/id/concept/fysico-chemisch/gewicht,1517,Gewicht,Gewicht,https://data.omgeving.vlaanderen.be/id/conceptscheme/fysico-chemisch,https://data.omgeving.vlaanderen.be/id/conceptscheme/fysico-chemisch
http://www.w3.org/2004/02/skos/core#Concept,https://data.omgeving.vlaanderen.be/id/concept/fysico-chemisch/gr,84,GR,Gloeirest,https://data.omgeving.vlaanderen.be/id/conceptscheme/fysico-chemisch,https://data.omgeving.vlaanderen.be/id/conceptscheme/fysico-chemisch
http://www.w3.org/2004/02/skos/core#Concept,https://data.omgeving.vlaanderen.be/id/concept/fysico-chemisch/gran_gt_2_lt_63,825,Gran>2<63,Korrelgrootte distributie >2µm en <63µm,https://data.omgeving.vlaanderen.be/id/conceptscheme/fysico-chemisch,https://data.omgeving.vlaanderen.be/id/conceptscheme/fysico-chemisch
http://www.w3.org/2004/02/skos/core#Concept,https://data.omgeving.vlaanderen.be/id/concept/fysico-chemisch/gran_gt_50,880,Gran>50,Korrelgrootte distributie >50µm,https://data.omgeving.vlaanderen.be/id/conceptscheme/fysico-chemisch,https://data.omgeving.vlaanderen.be/id/conceptscheme/fysico-chemisch
http://www.w3.org/2004/02/skos/core#Concept,https://data.omgeving.vlaanderen.be/id/concept/fysico-chemisch/gran_gt_63,96,Gran>63,Korrelgrootte distributie >63µm,https://data.omgeving.vlaanderen.be/id/conceptscheme/fysico-chemisch,https://data.omgeving.vlaanderen.be/id/conceptscheme/fysico-chemisch
http://www.w3.org/2004/02/skos/core#Concept,https://data.omgeving.vlaanderen.be/id/concept/fysico-chemisch/gran_lt_1000,2096,Gran<1000,Korrelgrootte distributie <1000µm,https://data.omgeving.vlaanderen.be/id/conceptscheme/fysico-chemisch,https://data.omgeving.vlaanderen.be/id/conceptscheme/fysico-chemisch
http://www.w3.org/2004/02/skos/core#Concept,https://data.omgeving.vlaanderen.be/id/concept/fysico-chemisch/gran_lt_125,2093,Gran<125,Korrelgrootte distributie <125µm,https://data.omgeving.vlaanderen.be/id/conceptscheme/fysico-chemisch,https://data.omgeving.vlaanderen.be/id/conceptscheme/fysico-chemisch
http://www.w3.org/2004/02/skos/core#Concept,https://data.omgeving.vlaanderen.be/id/concept/fysico-chemisch/gran_lt_16,93,Gran<16,Korrelgrootte distributie <16µm,https://data.omgeving.vlaanderen.be/id/conceptscheme/fysico-chemisch,https://data.omgeving.vlaanderen.be/id/conceptscheme/fysico-chemisch
http://www.w3.org/2004/02/skos/core#Concept,https://data.omgeving.vlaanderen.be/id/concept/fysico-chemisch/gran_lt_2,94,Gran<2,Korrelgrootte distributie <2µm,https://data.omgeving.vlaanderen.be/id/conceptscheme/fysico-chemisch,https://data.omgeving.vlaanderen.be/id/conceptscheme/fysico-chemisch
http://www.w3.org/2004/02/skos/core#Concept,https://data.omgeving.vlaanderen.be/id/concept/fysico-chemisch/gran_lt_2_bt,571,Gran<2 bt,"Korrelgrootte distributie <2µm, totaal",https://data.omgeving.vlaanderen.be/id/conceptscheme/fysico-chemisch,https://data.omgeving.vlaanderen.be/id/conceptscheme/fysico-chemisch
http://www.w3.org/2004/02/skos/core#Concept,https://data.omgeving.vlaanderen.be/id/concept/fysico-chemisch/gran_lt_20,2142,Gran<20,Korrelgrootte distributie <20µm,https://data.omgeving.vlaanderen.be/id/conceptscheme/fysico-chemisch,https://data.omgeving.vlaanderen.be/id/conceptscheme/fysico-chemisch
http://www.w3.org/2004/02/skos/core#Concept,https://data.omgeving.vlaanderen.be/id/concept/fysico-chemisch/gran_lt_2000,2097,Gran<2000,Korrelgrootte distributie <2000µm,https://data.omgeving.vlaanderen.be/id/conceptscheme/fysico-chemisch,https://data.omgeving.vlaanderen.be/id/conceptscheme/fysico-chemisch
http://www.w3.org/2004/02/skos/core#Concept,https://data.omgeving.vlaanderen.be/id/concept/fysico-chemisch/gran_lt_250,2094,Gran<250,Korrelgrootte distributie <250µm,https://data.omgeving.vlaanderen.be/id/conceptscheme/fysico-chemisch,https://data.omgeving.vlaanderen.be/id/conceptscheme/fysico-chemisch
http://www.w3.org/2004/02/skos/core#Concept,https://data.omgeving.vlaanderen.be/id/concept/fysico-chemisch/gran_lt_32,1074,Gran<32,Korrelgrootte distributie <32µm,https://data.omgeving.vlaanderen.be/id/conceptscheme/fysico-chemisch,https://data.omgeving.vlaanderen.be/id/conceptscheme/fysico-chemisch
http://www.w3.org/2004/02/skos/core#Concept,https://data.omgeving.vlaanderen.be/id/concept/fysico-chemisch/gran_lt_4,1072,Gran<4,Korrelgrootte distributie <4µm,https://data.omgeving.vlaanderen.be/id/conceptscheme/fysico-chemisch,https://data.omgeving.vlaanderen.be/id/conceptscheme/fysico-chemisch
http://www.w3.org/2004/02/skos/core#Concept,https://data.omgeving.vlaanderen.be/id/concept/fysico-chemisch/gran_lt_50,722,Gran<50,Korrelgrootte distributie <50µm,https://data.omgeving.vlaanderen.be/id/conceptscheme/fysico-chemisch,https://data.omgeving.vlaanderen.be/id/conceptscheme/fysico-chemisch
http://www.w3.org/2004/02/skos/core#Concept,https://data.omgeving.vlaanderen.be/id/concept/fysico-chemisch/gran_lt_500,2095,Gran<500,Korrelgrootte distributie <500µm,https://data.omgeving.vlaanderen.be/id/conceptscheme/fysico-chemisch,https://data.omgeving.vlaanderen.be/id/conceptscheme/fysico-chemisch
http://www.w3.org/2004/02/skos/core#Concept,https://data.omgeving.vlaanderen.be/id/concept/fysico-chemisch/gran_lt_63,95,Gran<63,Korrelgrootte distributie <63µm,https://data.omgeving.vlaanderen.be/id/conceptscheme/fysico-chemisch,https://data.omgeving.vlaanderen.be/id/conceptscheme/fysico-chemisch
http://www.w3.org/2004/02/skos/core#Concept,https://data.omgeving.vlaanderen.be/id/concept/fysico-chemisch/gran_lt_8,1073,Gran<8,Korrelgrootte distributie <8µm,https://data.omgeving.vlaanderen.be/id/conceptscheme/fysico-chemisch,https://data.omgeving.vlaanderen.be/id/conceptscheme/fysico-chemisch
http://www.w3.org/2004/02/skos/core#Concept,https://data.omgeving.vlaanderen.be/id/concept/fysico-chemisch/gv,85,GV,Gloeiverlies,https://data.omgeving.vlaanderen.be/id/conceptscheme/fysico-chemisch,https://data.omgeving.vlaanderen.be/id/conceptscheme/fysico-chemisch
http://www.w3.org/2004/02/skos/core#Concept,https://data.omgeving.vlaanderen.be/id/concept/fysico-chemisch/h_,1296,H+,Zuurtegraad,https://data.omgeving.vlaanderen.be/id/conceptscheme/fysico-chemisch,https://data.omgeving.vlaanderen.be/id/conceptscheme/fysico-chemisch
http://www.w3.org/2004/02/skos/core#Concept,https://data.omgeving.vlaanderen.be/id/concept/fysico-chemisch/h_per_,86,H per.,"Hardheid, permanent",https://data.omgeving.vlaanderen.be/id/conceptscheme/fysico-chemisch,https://data.omgeving.vlaanderen.be/id/conceptscheme/fysico-chemisch
http://www.w3.org/2004/02/skos/core#Concept,https://data.omgeving.vlaanderen.be/id/concept/fysico-chemisch/h_t,88,H t,"Hardheid, totaal",https://data.omgeving.vlaanderen.be/id/conceptscheme/fysico-chemisch,https://data.omgeving.vlaanderen.be/id/conceptscheme/fysico-chemisch
http://www.w3.org/2004/02/skos/core#Concept,https://data.omgeving.vlaanderen.be/id/concept/fysico-chemisch/h_t_na_zw,2118,H t na ZW,"Hardheid, totaal na Zahn Wellens",https://data.omgeving.vlaanderen.be/id/conceptscheme/fysico-chemisch,https://data.omgeving.vlaanderen.be/id/conceptscheme/fysico-chemisch
http://www.w3.org/2004/02/skos/core#Concept,https://data.omgeving.vlaanderen.be/id/concept/fysico-chemisch/h_tijd_,87,H tijd.,"Hardheid, tijdelijk",https://data.omgeving.vlaanderen.be/id/conceptscheme/fysico-chemisch,https://data.omgeving.vlaanderen.be/id/conceptscheme/fysico-chemisch
http://www.w3.org/2004/02/skos/core#Concept,https://data.omgeving.vlaanderen.be/id/concept/fysico-chemisch/ib,89,IB,Ionenbalans,https://data.omgeving.vlaanderen.be/id/conceptscheme/fysico-chemisch,https://data.omgeving.vlaanderen.be/id/conceptscheme/fysico-chemisch
http://www.w3.org/2004/02/skos/core#Concept,https://data.omgeving.vlaanderen.be/id/concept/fysico-chemisch/is,90,IS,Ionensterkte,https://data.omgeving.vlaanderen.be/id/conceptscheme/fysico-chemisch,https://data.omgeving.vlaanderen.be/id/conceptscheme/fysico-chemisch
http://www.w3.org/2004/02/skos/core#Concept,https://data.omgeving.vlaanderen.be/id/concept/fysico-chemisch/kleur,91,Kleur,Kleur,https://data.omgeving.vlaanderen.be/id/conceptscheme/fysico-chemisch,https://data.omgeving.vlaanderen.be/id/conceptscheme/fysico-chemisch
http://www.w3.org/2004/02/skos/core#Concept,https://data.omgeving.vlaanderen.be/id/concept/fysico-chemisch/kw,389,KW,Kwaliteit,https://data.omgeving.vlaanderen.be/id/conceptscheme/fysico-chemisch,https://data.omgeving.vlaanderen.be/id/conceptscheme/fysico-chemisch
http://www.w3.org/2004/02/skos/core#Concept,https://data.omgeving.vlaanderen.be/id/concept/fysico-chemisch/lengte,1288,Lengte,Lengte,https://data.omgeving.vlaanderen.be/id/conceptscheme/fysico-chemisch,https://data.omgeving.vlaanderen.be/id/conceptscheme/fysico-chemisch
http://www.w3.org/2004/02/skos/core#Concept,https://data.omgeving.vlaanderen.be/id/concept/fysico-chemisch/luchtdruk_sh,1266,Luchtdruk sh,Luchtdruk op stationshoogte (QFE),https://data.omgeving.vlaanderen.be/id/conceptscheme/fysico-chemisch,https://data.omgeving.vlaanderen.be/id/conceptscheme/fysico-chemisch
http://www.w3.org/2004/02/skos/core#Concept,https://data.omgeving.vlaanderen.be/id/concept/fysico-chemisch/muc-ec_20,2087,MUC-EC 20,"Geleidbaarheid (20°C), MUC project",https://data.omgeving.vlaanderen.be/id/conceptscheme/fysico-chemisch,https://data.omgeving.vlaanderen.be/id/conceptscheme/fysico-chemisch
http://www.w3.org/2004/02/skos/core#Concept,https://data.omgeving.vlaanderen.be/id/concept/fysico-chemisch/mucd-ec_20,2088,MUCd-EC 20,"Geleidbaarheid (20°C), MUC project",https://data.omgeving.vlaanderen.be/id/conceptscheme/fysico-chemisch,https://data.omgeving.vlaanderen.be/id/conceptscheme/fysico-chemisch
http://www.w3.org/2004/02/skos/core#Concept,https://data.omgeving.vlaanderen.be/id/concept/fysico-chemisch/n_t_rendement,1672,N t rendement,rendement N t tov influentbelasting,https://data.omgeving.vlaanderen.be/id/conceptscheme/fysico-chemisch,https://data.omgeving.vlaanderen.be/id/conceptscheme/fysico-chemisch
http://www.w3.org/2004/02/skos/core#Concept,https://data.omgeving.vlaanderen.be/id/concept/fysico-chemisch/nc10-20,2077,NC10-20,Deeltjesaantal 10-20 nm,https://data.omgeving.vlaanderen.be/id/conceptscheme/fysico-chemisch,https://data.omgeving.vlaanderen.be/id/conceptscheme/fysico-chemisch
http://www.w3.org/2004/02/skos/core#Concept,https://data.omgeving.vlaanderen.be/id/concept/fysico-chemisch/nc100-200,2082,NC100-200,Deeltjesaantal 100-200 nm,https://data.omgeving.vlaanderen.be/id/conceptscheme/fysico-chemisch,https://data.omgeving.vlaanderen.be/id/conceptscheme/fysico-chemisch
http://www.w3.org/2004/02/skos/core#Concept,https://data.omgeving.vlaanderen.be/id/concept/fysico-chemisch/nc20-30,2078,NC20-30,Deeltjesaantal 20-30 nm,https://data.omgeving.vlaanderen.be/id/conceptscheme/fysico-chemisch,https://data.omgeving.vlaanderen.be/id/conceptscheme/fysico-chemisch
http://www.w3.org/2004/02/skos/core#Concept,https://data.omgeving.vlaanderen.be/id/concept/fysico-chemisch/nc200-1000,2084,NC200-1000,Deeltjesaantal 200-1000 nm,https://data.omgeving.vlaanderen.be/id/conceptscheme/fysico-chemisch,https://data.omgeving.vlaanderen.be/id/conceptscheme/fysico-chemisch
http://www.w3.org/2004/02/skos/core#Concept,https://data.omgeving.vlaanderen.be/id/concept/fysico-chemisch/nc200-500,2083,NC200-500,Deeltjesaantal 200-500 nm,https://data.omgeving.vlaanderen.be/id/conceptscheme/fysico-chemisch,https://data.omgeving.vlaanderen.be/id/conceptscheme/fysico-chemisch
http://www.w3.org/2004/02/skos/core#Concept,https://data.omgeving.vlaanderen.be/id/concept/fysico-chemisch/nc30-50,2079,NC30-50,Deeltjesaantal 30-50 nm,https://data.omgeving.vlaanderen.be/id/conceptscheme/fysico-chemisch,https://data.omgeving.vlaanderen.be/id/conceptscheme/fysico-chemisch
http://www.w3.org/2004/02/skos/core#Concept,https://data.omgeving.vlaanderen.be/id/concept/fysico-chemisch/nc50-70,2080,NC50-70,Deeltjesaantal 50-70 nm,https://data.omgeving.vlaanderen.be/id/conceptscheme/fysico-chemisch,https://data.omgeving.vlaanderen.be/id/conceptscheme/fysico-chemisch
http://www.w3.org/2004/02/skos/core#Concept,https://data.omgeving.vlaanderen.be/id/concept/fysico-chemisch/nc70-100,2081,NC70-100,Deeltjesaantal 70-100 nm,https://data.omgeving.vlaanderen.be/id/conceptscheme/fysico-chemisch,https://data.omgeving.vlaanderen.be/id/conceptscheme/fysico-chemisch
http://www.w3.org/2004/02/skos/core#Concept,https://data.omgeving.vlaanderen.be/id/concept/fysico-chemisch/neerslag,97,Neerslag,Neerslag,https://data.omgeving.vlaanderen.be/id/conceptscheme/fysico-chemisch,https://data.omgeving.vlaanderen.be/id/conceptscheme/fysico-chemisch
http://www.w3.org/2004/02/skos/core#Concept,https://data.omgeving.vlaanderen.be/id/concept/fysico-chemisch/nh3-n,1667,NH3-N,niet te gebruiken,https://data.omgeving.vlaanderen.be/id/conceptscheme/fysico-chemisch,https://data.omgeving.vlaanderen.be/id/conceptscheme/fysico-chemisch
http://www.w3.org/2004/02/skos/core#Concept,https://data.omgeving.vlaanderen.be/id/concept/fysico-chemisch/nse,115,nSE,Aantal systematische eenheden,https://data.omgeving.vlaanderen.be/id/conceptscheme/fysico-chemisch,https://data.omgeving.vlaanderen.be/id/conceptscheme/fysico-chemisch
http://www.w3.org/2004/02/skos/core#Concept,https://data.omgeving.vlaanderen.be/id/concept/fysico-chemisch/ob,-2,OB,Onbekend,https://data.omgeving.vlaanderen.be/id/conceptscheme/fysico-chemisch,https://data.omgeving.vlaanderen.be/id/conceptscheme/fysico-chemisch
http://www.w3.org/2004/02/skos/core#Concept,https://data.omgeving.vlaanderen.be/id/concept/fysico-chemisch/ph,100,pH,pH,https://data.omgeving.vlaanderen.be/id/conceptscheme/fysico-chemisch,https://data.omgeving.vlaanderen.be/id/conceptscheme/fysico-chemisch
http://www.w3.org/2004/02/skos/core#Concept,https://data.omgeving.vlaanderen.be/id/concept/fysico-chemisch/ph_na_zw,2116,pH na ZW,pH na Zahn Wellens,https://data.omgeving.vlaanderen.be/id/conceptscheme/fysico-chemisch,https://data.omgeving.vlaanderen.be/id/conceptscheme/fysico-chemisch
http://www.w3.org/2004/02/skos/core#Concept,https://data.omgeving.vlaanderen.be/id/concept/fysico-chemisch/ph-co2,616,pH-CO2,pH (na ontgassen),https://data.omgeving.vlaanderen.be/id/conceptscheme/fysico-chemisch,https://data.omgeving.vlaanderen.be/id/conceptscheme/fysico-chemisch
http://www.w3.org/2004/02/skos/core#Concept,https://data.omgeving.vlaanderen.be/id/concept/fysico-chemisch/ph-kcl,101,pH-KCl,pH (KCl),https://data.omgeving.vlaanderen.be/id/conceptscheme/fysico-chemisch,https://data.omgeving.vlaanderen.be/id/conceptscheme/fysico-chemisch
http://www.w3.org/2004/02/skos/core#Concept,https://data.omgeving.vlaanderen.be/id/concept/fysico-chemisch/q,702,Q,Debiet,https://data.omgeving.vlaanderen.be/id/conceptscheme/fysico-chemisch,https://data.omgeving.vlaanderen.be/id/conceptscheme/fysico-chemisch
http://www.w3.org/2004/02/skos/core#Concept,https://data.omgeving.vlaanderen.be/id/concept/fysico-chemisch/qi,42,QI,Kwaliteits Index,https://data.omgeving.vlaanderen.be/id/conceptscheme/fysico-chemisch,https://data.omgeving.vlaanderen.be/id/conceptscheme/fysico-chemisch
http://www.w3.org/2004/02/skos/core#Concept,https://data.omgeving.vlaanderen.be/id/concept/fysico-chemisch/rad_act_,691,Rad.act.,"Radioactiviteit, totaal",https://data.omgeving.vlaanderen.be/id/conceptscheme/fysico-chemisch,https://data.omgeving.vlaanderen.be/id/conceptscheme/fysico-chemisch
http://www.w3.org/2004/02/skos/core#Concept,https://data.omgeving.vlaanderen.be/id/concept/fysico-chemisch/rel_vocht,1273,Rel.vocht,Relatieve vochtigheid,https://data.omgeving.vlaanderen.be/id/conceptscheme/fysico-chemisch,https://data.omgeving.vlaanderen.be/id/conceptscheme/fysico-chemisch
http://www.w3.org/2004/02/skos/core#Concept,https://data.omgeving.vlaanderen.be/id/concept/fysico-chemisch/reuk,103,Reuk,Reuk,https://data.omgeving.vlaanderen.be/id/conceptscheme/fysico-chemisch,https://data.omgeving.vlaanderen.be/id/conceptscheme/fysico-chemisch
http://www.w3.org/2004/02/skos/core#Concept,https://data.omgeving.vlaanderen.be/id/concept/fysico-chemisch/rot,468,Rot,Verrotbaarheid,https://data.omgeving.vlaanderen.be/id/conceptscheme/fysico-chemisch,https://data.omgeving.vlaanderen.be/id/conceptscheme/fysico-chemisch
http://www.w3.org/2004/02/skos/core#Concept,https://data.omgeving.vlaanderen.be/id/concept/fysico-chemisch/salin_,104,Salin.,Saliniteit,https://data.omgeving.vlaanderen.be/id/conceptscheme/fysico-chemisch,https://data.omgeving.vlaanderen.be/id/conceptscheme/fysico-chemisch
http://www.w3.org/2004/02/skos/core#Concept,https://data.omgeving.vlaanderen.be/id/concept/fysico-chemisch/secchi,78,Secchi,Doorzichtigheid,https://data.omgeving.vlaanderen.be/id/conceptscheme/fysico-chemisch,https://data.omgeving.vlaanderen.be/id/conceptscheme/fysico-chemisch
http://www.w3.org/2004/02/skos/core#Concept,https://data.omgeving.vlaanderen.be/id/concept/fysico-chemisch/smaak,105,Smaak,Smaak,https://data.omgeving.vlaanderen.be/id/conceptscheme/fysico-chemisch,https://data.omgeving.vlaanderen.be/id/conceptscheme/fysico-chemisch
http://www.w3.org/2004/02/skos/core#Concept,https://data.omgeving.vlaanderen.be/id/concept/fysico-chemisch/sp_opp_,514,Sp.opp.,Specifiek oppervlak,https://data.omgeving.vlaanderen.be/id/conceptscheme/fysico-chemisch,https://data.omgeving.vlaanderen.be/id/conceptscheme/fysico-chemisch
http://www.w3.org/2004/02/skos/core#Concept,https://data.omgeving.vlaanderen.be/id/concept/fysico-chemisch/straling_n,1264,Straling n,"Straling, netto",https://data.omgeving.vlaanderen.be/id/conceptscheme/fysico-chemisch,https://data.omgeving.vlaanderen.be/id/conceptscheme/fysico-chemisch
http://www.w3.org/2004/02/skos/core#Concept,https://data.omgeving.vlaanderen.be/id/concept/fysico-chemisch/straling_uv-a,1263,Straling uv-A,"Straling, ultraviolet (type A)",https://data.omgeving.vlaanderen.be/id/conceptscheme/fysico-chemisch,https://data.omgeving.vlaanderen.be/id/conceptscheme/fysico-chemisch
http://www.w3.org/2004/02/skos/core#Concept,https://data.omgeving.vlaanderen.be/id/concept/fysico-chemisch/straling_uv-b,1308,Straling uv-B,"Straling, ultraviolet (type B)",https://data.omgeving.vlaanderen.be/id/conceptscheme/fysico-chemisch,https://data.omgeving.vlaanderen.be/id/conceptscheme/fysico-chemisch
http://www.w3.org/2004/02/skos/core#Concept,https://data.omgeving.vlaanderen.be/id/concept/fysico-chemisch/t,106,T,Temperatuur,https://data.omgeving.vlaanderen.be/id/conceptscheme/fysico-chemisch,https://data.omgeving.vlaanderen.be/id/conceptscheme/fysico-chemisch
http://www.w3.org/2004/02/skos/core#Concept,https://data.omgeving.vlaanderen.be/id/concept/fysico-chemisch/turb_,107,Turb.,Turbiditeit,https://data.omgeving.vlaanderen.be/id/conceptscheme/fysico-chemisch,https://data.omgeving.vlaanderen.be/id/conceptscheme/fysico-chemisch
http://www.w3.org/2004/02/skos/core#Concept,https://data.omgeving.vlaanderen.be/id/concept/fysico-chemisch/turb__ps,108,Turb. ps,"Turbiditeit, postsedimentair",https://data.omgeving.vlaanderen.be/id/conceptscheme/fysico-chemisch,https://data.omgeving.vlaanderen.be/id/conceptscheme/fysico-chemisch
http://www.w3.org/2004/02/skos/core#Concept,https://data.omgeving.vlaanderen.be/id/concept/fysico-chemisch/tv,1293,Tv,Temperatuursverschil,https://data.omgeving.vlaanderen.be/id/conceptscheme/fysico-chemisch,https://data.omgeving.vlaanderen.be/id/conceptscheme/fysico-chemisch
http://www.w3.org/2004/02/skos/core#Concept,https://data.omgeving.vlaanderen.be/id/concept/fysico-chemisch/vm,1281,VM,"Windsnelheid, scalair",https://data.omgeving.vlaanderen.be/id/conceptscheme/fysico-chemisch,https://data.omgeving.vlaanderen.be/id/conceptscheme/fysico-chemisch
http://www.w3.org/2004/02/skos/core#Concept,https://data.omgeving.vlaanderen.be/id/concept/fysico-chemisch/vol,612,Vol,Volume,https://data.omgeving.vlaanderen.be/id/conceptscheme/fysico-chemisch,https://data.omgeving.vlaanderen.be/id/conceptscheme/fysico-chemisch
http://www.w3.org/2004/02/skos/core#Concept,https://data.omgeving.vlaanderen.be/id/concept/fysico-chemisch/vp,110,VP,Vlampunt,https://data.omgeving.vlaanderen.be/id/conceptscheme/fysico-chemisch,https://data.omgeving.vlaanderen.be/id/conceptscheme/fysico-chemisch
http://www.w3.org/2004/02/skos/core#Concept,https://data.omgeving.vlaanderen.be/id/concept/fysico-chemisch/water,112,Water,Watergehalte,https://data.omgeving.vlaanderen.be/id/conceptscheme/fysico-chemisch,https://data.omgeving.vlaanderen.be/id/conceptscheme/fysico-chemisch
http://www.w3.org/2004/02/skos/core#Concept,https://data.omgeving.vlaanderen.be/id/concept/fysico-chemisch/zon_t,1279,Zon t,"Zonnestraling, totaal",https://data.omgeving.vlaanderen.be/id/conceptscheme/fysico-chemisch,https://data.omgeving.vlaanderen.be/id/conceptscheme/fysico-chemisch
http://www.w3.org/2004/02/skos/core#Concept,https://data.omgeving.vlaanderen.be/id/concept/fysico-chemisch/zs_afm_,114,ZS afm.,"Zwevende stoffen, afmeting",https://data.omgeving.vlaanderen.be/id/conceptscheme/fysico-chemisch,https://data.omgeving.vlaanderen.be/id/conceptscheme/fysico-chemisch
